{"train_loss": [0.4341650737656487, 0.3574127467593761, 0.3525312517327492, 0.34143424545875706, 0.34351118556176774], "val_loss": [0.4097416424751282, 0.3692453956604004, 0.35141801595687866, 0.34751997828483583, 0.3517056059837341], "train_acc": [0.9405439595192916, 0.9348513598987982, 0.9456040480708412, 0.9437065148640101, 0.9493991144845034], "val_acc": [0.9267676767676768, 0.9217171717171717, 0.946969696969697, 0.946969696969697, 0.9494949494949495], "train_loss_steps": [0.4048565626144409, 0.3309013843536377, 0.3444724380970001, 0.4949340224266052, 0.4618450999259949, 0.43037453293800354, 0.4557565450668335, 0.4124346375465393, 0.5132182240486145, 0.3619270622730255, 0.4014454185962677, 0.3528541326522827, 0.33202552795410156, 0.2894423305988312, 0.27627187967300415, 0.48248496651649475, 0.2689577341079712, 0.36536744236946106, 0.38866370916366577, 0.4146318733692169, 0.258393257856369, 0.3344042897224426, 0.2265019714832306, 0.40248480439186096, 0.36006444692611694, 0.43225958943367004, 0.37943127751350403, 0.4769361913204193, 0.282402366399765, 0.3434396982192993, 0.27488645911216736, 0.3631557822227478, 0.45186570286750793, 0.38439276814460754, 0.3366071581840515, 0.33054861426353455, 0.4088914394378662, 0.40240398049354553, 0.3662680685520172, 0.32127997279167175, 0.21988226473331451, 0.31452634930610657, 0.30279380083084106, 0.410856157541275, 0.2857168912887573], "train_acc_steps": [0.9375, 1.0, 1.0, 0.875, 0.9375, 1.0, 0.9375, 0.9375, 1.0, 1.0, 0.9375, 0.9375, 1.0, 0.9375, 1.0, 0.875, 1.0, 0.875, 1.0, 0.875, 1.0, 1.0, 1.0, 0.9375, 0.8125, 0.9375, 1.0, 0.875, 0.9375, 1.0, 0.9375, 1.0, 0.9375, 1.0, 1.0, 0.875, 0.9375, 0.875, 0.9375, 0.875, 0.9375, 0.9375, 1.0, 1.0, 0.9375]}